Code,Breed,O_Locus,D_Locus,A_Locus,C_Locus,W_Locus,S_Locus,Mc_Locus,Ta_Locus,I_Locus,Wb_Locus,TRPV4_Locus,UGDH_Locus,TBXT_Locus,Cu_Locus,LPAR6_Locus,KRT71_Locus,FGF5_Locus
1,Abyssinian,o/o,D/D,A/A,C/C,w/w,s/s,Mc/Mc,Ta/Ta,i/i,wb/wb,fd/fd,m/m,m/m,cu/cu,R/R,se/se,L/L
2,American Curl(LH),o/o,D/D,A/A,C/C,w/w,s/s,Mc/Mc,ta/ta,i/i,wb/wb,fd/fd,m/m,m/m,Cu/cu,R/R,se/se,l/l
3,American Curl(SH),o/o,D/D,A/A,C/C,w/w,s/s,Mc/Mc,ta/ta,i/i,wb/wb,fd/fd,m/m,m/m,Cu/cu,R/R,se/se,L/L
4,American Curl(LH.SE),o/o,D/D,A/A,C/C,w/w,s/s,Mc/Mc,ta/ta,i/i,wb/wb,fd/fd,m/m,m/m,Cu/cu,R/R,se/se,l/l
5,American Curl(SH.SE),o/o,D/D,A/A,C/C,w/w,s/s,Mc/Mc,ta/ta,i/i,wb/wb,fd/fd,m/m,m/m,Cu/cu,R/R,se/se,L/L
6,American Shorthair,o/o,D/D,A/A,C/C,w/w,s/s,mc/mc,ta/ta,i/i,wb/wb,fd/fd,m/m,m/m,cu/cu,R/R,se/se,L/L
7,American Wirehair,o/o,D/D,A/A,C/C,w/w,s/s,Mc/Mc,ta/ta,i/i,wb/wb,fd/fd,m/m,m/m,cu/cu,R/R,se/se,L/L
8,Balinese,o/o,D/D,a/a,cs/cs,w/w,s/s,Mc/Mc,ta/ta,i/i,wb/wb,fd/fd,m/m,m/m,cu/cu,R/R,se/se,l/l
9,Bengal,o/o,D/D,A/A,C/C,w/w,s/s,Mc/Mc,ta/ta,i/i,wb/wb,fd/fd,m/m,m/m,cu/cu,R/R,se/se,L/L
10,Birman,o/o,D/D,A/A,C/C,w/w,s/s,Mc/Mc,ta/ta,i/i,wb/wb,fd/fd,m/m,m/m,cu/cu,R/R,se/se,l/l
11,Bombay,o/o,D/D,a/a,C/C,w/w,s/s,Mc/Mc,ta/ta,i/i,wb/wb,fd/fd,m/m,m/m,cu/cu,R/R,se/se,L/L
12,British Shorthair,o/o,D/D,A/A,C/C,w/w,s/s,Mc/Mc,ta/ta,i/i,wb/wb,fd/fd,m/m,m/m,cu/cu,R/R,se/se,L/L
13,Burmese,o/o,D/D,a/a,cb/cb,w/w,s/s,Mc/Mc,ta/ta,i/i,wb/wb,fd/fd,m/m,m/m,cu/cu,R/R,se/se,L/L
14,Chartreux,o/o,d/d,a/a,C/C,w/w,s/s,Mc/Mc,ta/ta,i/i,wb/wb,fd/fd,m/m,m/m,cu/cu,R/R,se/se,L/L
15,Colorpoint Shorthair,o/o,D/D,A/A,C/C,w/w,s/s,Mc/Mc,ta/ta,i/i,wb/wb,fd/fd,m/m,m/m,cu/cu,R/R,se/se,L/L
16,Cornish Rex,o/o,D/D,A/A,C/C,w/w,s/s,Mc/Mc,ta/ta,i/i,wb/wb,fd/fd,m/m,m/m,cu/cu,r/r,se/se,L/L
17,Cymic,o/o,D/D,A/A,C/C,w/w,s/s,Mc/Mc,ta/ta,i/i,wb/wb,fd/fd,m/m,M/m,cu/cu,R/R,se/se,l/l
18,Devon Rex,o/o,D/D,A/A,C/C,w/w,s/s,Mc/Mc,ta/ta,i/i,wb/wb,fd/fd,m/m,m/m,cu/cu,R/R,re/re,L/L
19,Egyptian Mau,o/o,D/D,A/A,C/C,w/w,s/s,Mc/Mc,ta/ta,i/i,wb/wb,fd/fd,m/m,m/m,cu/cu,R/R,se/se,L/L
20,Exotic,o/o,D/D,A/A,C/C,w/w,s/s,Mc/Mc,ta/ta,i/i,wb/wb,fd/fd,m/m,m/m,cu/cu,R/R,se/se,L/L
21,Havana Brown,o/o,D/D,A/A,C/C,w/w,s/s,Mc/Mc,ta/ta,i/i,wb/wb,fd/fd,m/m,m/m,cu/cu,R/R,se/se,L/L
22,House Hold Pet,o/o,D/D,A/A,C/C,w/w,s/s,Mc/Mc,ta/ta,i/i,wb/wb,fd/fd,m/m,m/m,cu/cu,R/R,se/se,L/L
23,Japanese Bobtail,o/o,D/D,A/A,C/C,w/w,s/s,Mc/Mc,ta/ta,i/i,wb/wb,fd/fd,m/m,m/m,cu/cu,R/R,se/se,L/L
24,Javanese,o/o,D/D,A/A,C/C,w/w,s/s,Mc/Mc,ta/ta,i/i,wb/wb,fd/fd,m/m,m/m,cu/cu,R/R,se/se,l/l
25,Korat,o/o,d/d,a/a,C/C,w/w,s/s,Mc/Mc,ta/ta,i/i,wb/wb,fd/fd,m/m,m/m,cu/cu,R/R,se/se,L/L
26,Maine Coon,o/o,D/D,A/A,C/C,w/w,s/s,Mc/Mc,ta/ta,i/i,wb/wb,fd/fd,m/m,m/m,cu/cu,R/R,se/se,l/l
27,Manx,o/o,D/D,A/A,C/C,w/w,s/s,Mc/Mc,ta/ta,i/i,wb/wb,fd/fd,m/m,M/m,cu/cu,R/R,se/se,L/L
28,Munchkin (SH),o/o,D/D,A/A,C/C,w/w,s/s,Mc/Mc,ta/ta,i/i,wb/wb,fd/fd,M/m,m/m,cu/cu,R/R,se/se,L/L
29,Norwegian Forest Cat,o/o,D/D,A/A,C/C,w/w,s/s,Mc/Mc,ta/ta,i/i,wb/wb,fd/fd,m/m,m/m,cu/cu,R/R,se/se,l/l
30,Ocicat,o/o,D/D,A/A,C/C,w/w,s/s,Mc/Mc,ta/ta,i/i,wb/wb,fd/fd,m/m,m/m,cu/cu,R/R,se/se,L/L
31,Oriental Longhair,o/o,D/D,A/A,C/C,w/w,s/s,Mc/Mc,ta/ta,i/i,wb/wb,fd/fd,m/m,m/m,cu/cu,R/R,se/se,l/l
32,Oriental Shorthair,o/o,D/D,A/A,C/C,w/w,s/s,Mc/Mc,ta/ta,i/i,wb/wb,fd/fd,m/m,m/m,cu/cu,R/R,se/se,L/L
33,Persian,o/o,D/D,A/A,C/C,w/w,s/s,Mc/Mc,ta/ta,i/i,wb/wb,fd/fd,m/m,m/m,cu/cu,R/R,se/se,l/l
34,Persian (HIMALAYAN),o/o,D/D,a/a,cs/cs,w/w,s/s,Mc/Mc,ta/ta,i/i,wb/wb,fd/fd,m/m,m/m,cu/cu,R/R,se/se,l/l
35,Persian (C.P.C),o/o,D/D,A/A,C/C,w/w,s/s,Mc/Mc,ta/ta,i/i,wb/wb,fd/fd,m/m,m/m,cu/cu,R/R,se/se,l/l
36,Ragdoll,o/o,D/D,A/A,C/C,w/w,s/s,Mc/Mc,ta/ta,i/i,wb/wb,fd/fd,m/m,m/m,cu/cu,R/R,se/se,l/l
37,Russian Blue,o/o,d/d,a/a,C/C,w/w,s/s,Mc/Mc,ta/ta,i/i,wb/wb,fd/fd,m/m,m/m,cu/cu,R/R,se/se,L/L
38,Scottish Fold (LH),o/o,D/D,A/A,C/C,w/w,s/s,Mc/Mc,ta/ta,i/i,wb/wb,Fd/fd,m/m,m/m,cu/cu,R/R,se/se,l/l
39,Scottish Fold (SH),o/o,D/D,A/A,C/C,w/w,s/s,Mc/Mc,ta/ta,i/i,wb/wb,Fd/fd,m/m,m/m,cu/cu,R/R,se/se,L/L
40,Scottish Fold(LH.SE),o/o,D/D,A/A,C/C,w/w,s/s,Mc/Mc,ta/ta,i/i,wb/wb,fd/fd,m/m,m/m,cu/cu,R/R,se/se,l/l
41,Scottish Fold(SH.SE),o/o,D/D,A/A,C/C,w/w,s/s,Mc/Mc,ta/ta,i/i,wb/wb,fd/fd,m/m,m/m,cu/cu,R/R,se/se,L/L
42,Snowshoe,o/o,D/D,A/A,C/C,w/w,s/s,Mc/Mc,ta/ta,i/i,wb/wb,fd/fd,m/m,m/m,cu/cu,R/R,se/se,L/L
43,Siamese,o/o,D/D,a/a,cs/cs,w/w,s/s,Mc/Mc,ta/ta,i/i,wb/wb,fd/fd,m/m,m/m,cu/cu,R/R,se/se,L/L
44,Selkirk Rex (SH),o/o,D/D,A/A,C/C,w/w,s/s,Mc/Mc,ta/ta,i/i,wb/wb,fd/fd,m/m,m/m,cu/cu,R/R,Se/se,L/L
45,Singapura,o/o,D/D,A/A,cb/cb,w/w,s/s,Mc/Mc,Ta/Ta,i/i,wb/wb,fd/fd,m/m,m/m,cu/cu,R/R,se/se,L/L
46,Somali,o/o,D/D,A/A,C/C,w/w,s/s,Mc/Mc,Ta/Ta,i/i,wb/wb,fd/fd,m/m,m/m,cu/cu,R/R,se/se,l/l
47,Sphynx,o/o,D/D,A/A,C/C,w/w,s/s,Mc/Mc,ta/ta,i/i,wb/wb,fd/fd,m/m,m/m,cu/cu,R/R,hr/hr,L/L
48,Tonkinese,o/o,D/D,A/A,cb/cs,w/w,s/s,Mc/Mc,ta/ta,i/i,wb/wb,fd/fd,m/m,m/m,cu/cu,R/R,se/se,L/L
49,Turkish Angora,o/o,D/D,A/A,C/C,w/w,s/s,Mc/Mc,ta/ta,i/i,wb/wb,fd/fd,m/m,m/m,cu/cu,R/R,se/se,L/L
50,Turkish Van,o/o,D/D,A/A,C/C,w/w,s/s,Mc/Mc,ta/ta,i/i,wb/wb,fd/fd,m/m,m/m,cu/cu,R/R,se/se,L/L
51,Wild Cat,o/o,D/D,A/A,C/C,w/w,s/s,Mc/Mc,ta/ta,i/i,wb/wb,fd/fd,m/m,m/m,cu/cu,R/R,se/se,L/L
52,Siberian,o/o,D/D,A/A,C/C,w/w,s/s,Mc/Mc,ta/ta,i/i,wb/wb,fd/fd,m/m,m/m,cu/cu,R/R,se/se,l/l
53,Domestic Cat,o/o,D/D,A/A,C/C,w/w,s/s,Mc/Mc,ta/ta,i/i,wb/wb,fd/fd,m/m,m/m,cu/cu,R/R,se/se,L/L
54,European Burmese,o/o,D/D,a/a,cb/cb,w/w,s/s,Mc/Mc,ta/ta,i/i,wb/wb,fd/fd,m/m,m/m,cu/cu,R/R,se/se,L/L
55,Russian Blue (AOC),o/o,d/d,a/a,C/C,w/w,s/s,Mc/Mc,ta/ta,i/i,wb/wb,fd/fd,m/m,m/m,cu/cu,R/R,se/se,L/L
56,Munchkin (SH.NL),o/o,D/D,A/A,C/C,w/w,s/s,Mc/Mc,ta/ta,i/i,wb/wb,fd/fd,m/m,m/m,cu/cu,R/R,se/se,L/L
57,Munchkin (LH),o/o,D/D,A/A,C/C,w/w,s/s,Mc/Mc,ta/ta,i/i,wb/wb,fd/fd,M/m,m/m,cu/cu,R/R,se/se,l/l
58,Exotic Longhair,o/o,D/D,A/A,C/C,w/w,s/s,Mc/Mc,ta/ta,i/i,wb/wb,fd/fd,m/m,m/m,cu/cu,R/R,se/se,l/l
59,Ragamuffin,o/o,D/D,A/A,C/C,w/w,s/s,Mc/Mc,ta/ta,i/i,wb/wb,fd/fd,m/m,m/m,cu/cu,R/R,se/se,l/l
60,American Curl,o/o,D/D,A/A,C/C,w/w,s/s,Mc/Mc,ta/ta,i/i,wb/wb,fd/fd,m/m,m/m,Cu/cu,R/R,se/se,L/L
61,Scottish Fold,o/o,D/D,A/A,C/C,w/w,s/s,Mc/Mc,ta/ta,i/i,wb/wb,Fd/fd,m/m,m/m,cu/cu,R/R,se/se,L/L
62,La Perm (LH),o/o,D/D,A/A,C/C,w/w,s/s,Mc/Mc,ta/ta,i/i,wb/wb,fd/fd,m/m,m/m,cu/cu,R/R,se/se,l/l
63,La Perm (SH),o/o,D/D,A/A,C/C,w/w,s/s,Mc/Mc,ta/ta,i/i,wb/wb,fd/fd,m/m,m/m,cu/cu,R/R,se/se,L/L
64,La Perm (LH.ST),o/o,D/D,A/A,C/C,w/w,s/s,Mc/Mc,ta/ta,i/i,wb/wb,fd/fd,m/m,m/m,cu/cu,R/R,se/se,l/l
65,La Perm (SH.ST),o/o,D/D,A/A,C/C,w/w,s/s,Mc/Mc,ta/ta,i/i,wb/wb,fd/fd,m/m,m/m,cu/cu,R/R,se/se,L/L
66,Munchkin (LH.NL),o/o,D/D,A/A,C/C,w/w,s/s,Mc/Mc,ta/ta,i/i,wb/wb,fd/fd,m/m,m/m,cu/cu,R/R,se/se,l/l
67,Siberian,o/o,D/D,A/A,C/C,w/w,s/s,Mc/Mc,ta/ta,i/i,wb/wb,fd/fd,m/m,m/m,cu/cu,R/R,se/se,l/l
68,British Longhair,o/o,D/D,A/A,C/C,w/w,s/s,Mc/Mc,ta/ta,i/i,wb/wb,fd/fd,m/m,m/m,cu/cu,R/R,se/se,l/l
69,Domestic Cat (LH),o/o,D/D,A/A,C/C,w/w,s/s,Mc/Mc,ta/ta,i/i,wb/wb,fd/fd,m/m,m/m,cu/cu,R/R,se/se,l/l
70,White (Albino),o/o,D/D,A/A,c/c,W/W,s/s,Mc/Mc,ta/ta,i/i,wb/wb,fd/fd,m/m,m/m,cu/cu,R/R,se/se,L/L
71,Balinese-(Javanese),o/o,D/D,a/a,cs/cs,w/w,s/s,Mc/Mc,ta/ta,i/i,wb/wb,fd/fd,m/m,m/m,cu/cu,R/R,se/se,l/l
72,Thai,o/o,D/D,A/A,C/C,w/w,s/s,Mc/Mc,ta/ta,i/i,wb/wb,fd/fd,m/m,m/m,cu/cu,R/R,se/se,L/L
73,Skookum,o/o,D/D,A/A,C/C,w/w,s/s,Mc/Mc,ta/ta,i/i,wb/wb,fd/fd,M/m,m/m,cu/cu,R/R,se/se,L/L
74,Selkirk Rex (LH),o/o,D/D,A/A,C/C,w/w,s/s,Mc/Mc,ta/ta,i/i,wb/wb,fd/fd,m/m,m/m,cu/cu,R/R,Se/se,l/l
75,Selkirk Rex (SH.ST),o/o,D/D,A/A,C/C,w/w,s/s,Mc/Mc,ta/ta,i/i,wb/wb,fd/fd,m/m,m/m,cu/cu,R/R,se/se,L/L
76,Selkirk Rex (LH.ST),o/o,D/D,A/A,C/C,w/w,s/s,Mc/Mc,ta/ta,i/i,wb/wb,fd/fd,m/m,m/m,cu/cu,R/R,se/se,l/l
77,American Curl (SWH),o/o,D/D,A/A,C/C,w/w,s/s,Mc/Mc,ta/ta,i/i,wb/wb,fd/fd,m/m,m/m,Cu/cu,R/R,se/se,L/L
78,American Curl (LWH),o/o,D/D,A/A,C/C,w/w,s/s,Mc/Mc,ta/ta,i/i,wb/wb,fd/fd,m/m,m/m,Cu/cu,R/R,se/se,l/l
79,Canadian Lop (SH),o/o,D/D,A/A,C/C,w/w,s/s,Mc/Mc,ta/ta,i/i,wb/wb,fd/fd,m/m,m/m,cu/cu,R/R,se/se,L/L
80,Canadian Lop (LH),o/o,D/D,A/A,C/C,w/w,s/s,Mc/Mc,ta/ta,i/i,wb/wb,fd/fd,m/m,m/m,cu/cu,R/R,se/se,l/l
81,Canadian Lop (SH.SE),o/o,D/D,A/A,C/C,w/w,s/s,Mc/Mc,ta/ta,i/i,wb/wb,fd/fd,m/m,m/m,cu/cu,R/R,se/se,L/L
82,Canadian Lop (LH.SE),o/o,D/D,A/A,C/C,w/w,s/s,Mc/Mc,ta/ta,i/i,wb/wb,fd/fd,m/m,m/m,cu/cu,R/R,se/se,l/l
83,Lamkin (SH),o/o,D/D,A/A,C/C,w/w,s/s,Mc/Mc,ta/ta,i/i,wb/wb,fd/fd,M/m,m/m,cu/cu,R/R,Se/se,L/L
84,Lamkin (LH),o/o,D/D,A/A,C/C,w/w,s/s,Mc/Mc,ta/ta,i/i,wb/wb,fd/fd,M/m,m/m,cu/cu,R/R,Se/se,l/l
85,Lamkin (SH.ST),o/o,D/D,A/A,C/C,w/w,s/s,Mc/Mc,ta/ta,i/i,wb/wb,fd/fd,m/m,m/m,cu/cu,R/R,se/se,L/L
86,Lamkin (LH.ST),o/o,D/D,A/A,C/C,w/w,s/s,Mc/Mc,ta/ta,i/i,wb/wb,fd/fd,m/m,m/m,cu/cu,R/R,se/se,l/l
87,Lamkin (SH.NL),o/o,D/D,A/A,C/C,w/w,s/s,Mc/Mc,ta/ta,i/i,wb/wb,fd/fd,m/m,m/m,cu/cu,R/R,Se/se,L/L
88,Lamkin (LH.NL),o/o,D/D,A/A,C/C,w/w,s/s,Mc/Mc,ta/ta,i/i,wb/wb,fd/fd,m/m,m/m,cu/cu,R/R,Se/se,l/l
89,Lamkin (SH.ST.NL),o/o,D/D,A/A,C/C,w/w,s/s,Mc/Mc,ta/ta,i/i,wb/wb,fd/fd,m/m,m/m,cu/cu,R/R,se/se,L/L
90,Lamkin (LH.ST.NL),o/o,D/D,A/A,C/C,w/w,s/s,Mc/Mc,ta/ta,i/i,wb/wb,fd/fd,m/m,m/m,cu/cu,R/R,se/se,l/l
91,Minuet(SH),o/o,D/D,A/A,C/C,w/w,s/s,Mc/Mc,ta/ta,i/i,wb/wb,fd/fd,M/m,m/m,cu/cu,R/R,se/se,L/L
92,Minuet(LH),o/o,D/D,A/A,C/C,w/w,s/s,Mc/Mc,ta/ta,i/i,wb/wb,fd/fd,M/m,m/m,cu/cu,R/R,se/se,l/l
93,Minuet(SH.NL),o/o,D/D,A/A,C/C,w/w,s/s,Mc/Mc,ta/ta,i/i,wb/wb,fd/fd,m/m,m/m,cu/cu,R/R,se/se,L/L
94,Minuet(LH.NL),o/o,D/D,A/A,C/C,w/w,s/s,Mc/Mc,ta/ta,i/i,wb/wb,fd/fd,m/m,m/m,cu/cu,R/R,se/se,l/l
95,Skookum (SH),o/o,D/D,A/A,C/C,w/w,s/s,Mc/Mc,ta/ta,i/i,wb/wb,fd/fd,M/m,m/m,cu/cu,R/R,se/se,L/L
96,Skookum (LH),o/o,D/D,A/A,C/C,w/w,s/s,Mc/Mc,ta/ta,i/i,wb/wb,fd/fd,M/m,m/m,cu/cu,R/R,se/se,l/l
97,Skookum (SH.NL),o/o,D/D,A/A,C/C,w/w,s/s,Mc/Mc,ta/ta,i/i,wb/wb,fd/fd,m/m,m/m,cu/cu,R/R,se/se,L/L
98,Skookum (LH.NL),o/o,D/D,A/A,C/C,w/w,s/s,Mc/Mc,ta/ta,i/i,wb/wb,fd/fd,m/m,m/m,cu/cu,R/R,se/se,l/l
99,Skookum (SH.ST),o/o,D/D,A/A,C/C,w/w,s/s,Mc/Mc,ta/ta,i/i,wb/wb,fd/fd,m/m,m/m,cu/cu,R/R,se/se,L/L
100,Skookum (LH.ST),o/o,D/D,A/A,C/C,w/w,s/s,Mc/Mc,ta/ta,i/i,wb/wb,fd/fd,m/m,m/m,cu/cu,R/R,se/se,l/l
101,Kinkaro (SH),o/o,D/D,A/A,C/C,w/w,s/s,Mc/Mc,ta/ta,i/i,wb/wb,fd/fd,M/m,m/m,Cu/cu,R/R,se/se,L/L
102,Kinkaro (LH),o/o,D/D,A/A,C/C,w/w,s/s,Mc/Mc,ta/ta,i/i,wb/wb,fd/fd,M/m,m/m,Cu/cu,R/R,se/se,l/l
103,Kinkaro (SH.SE),o/o,D/D,A/A,C/C,w/w,s/s,Mc/Mc,ta/ta,i/i,wb/wb,fd/fd,M/m,m/m,Cu/cu,R/R,se/se,L/L
104,Kinkaro (LH.SE),o/o,D/D,A/A,C/C,w/w,s/s,Mc/Mc,ta/ta,i/i,wb/wb,fd/fd,M/m,m/m,Cu/cu,R/R,se/se,l/l
105,Kinkaro (SH.NL),o/o,D/D,A/A,C/C,w/w,s/s,Mc/Mc,ta/ta,i/i,wb/wb,fd/fd,m/m,m/m,Cu/cu,R/R,se/se,L/L
106,Kinkaro (LH.NL),o/o,D/D,A/A,C/C,w/w,s/s,Mc/Mc,ta/ta,i/i,wb/wb,fd/fd,m/m,m/m,Cu/cu,R/R,se/se,l/l
107,Kinkaro (SH.SE.NL),o/o,D/D,A/A,C/C,w/w,s/s,Mc/Mc,ta/ta,i/i,wb/wb,fd/fd,m/m,m/m,Cu/cu,R/R,se/se,L/L
108,Kinkaro (LH.SE.NL),o/o,D/D,A/A,C/C,w/w,s/s,Mc/Mc,ta/ta,i/i,wb/wb,fd/fd,m/m,m/m,Cu/cu,R/R,se/se,l/l
109,ｱｷ,o/o,D/D,A/A,C/C,w/w,s/s,Mc/Mc,ta/ta,i/i,wb/wb,fd/fd,m/m,m/m,cu/cu,R/R,se/se,L/L
110,Bengal(A.O.C),o/o,D/D,A/A,C/C,w/w,s/s,Mc/Mc,ta/ta,i/i,wb/wb,fd/fd,m/m,m/m,cu/cu,R/R,se/se,L/L
111,Jenetta,o/o,D/D,A/A,C/C,w/w,s/s,Mc/Mc,ta/ta,i/i,wb/wb,fd/fd,M/m,m/m,cu/cu,R/R,se/se,L/L
112,Toyger,o/o,D/D,A/A,C/C,w/w,s/s,Mc/Mc,ta/ta,i/i,wb/wb,fd/fd,m/m,m/m,cu/cu,R/R,se/se,L/L
